observat,dist_cod,county,district,testscr,read_scr,math_scr,str,avginc,meal_pct,enrl_tot,teachers,calw_pct,computer,comp_stu,expn_stu,el_pct
1,75119,Alameda,Sunol Glen Unified,690.8,691.6,690,17.88991,22.69,2.0408,195,10.9,0.5102,67,0.3435898,6384.911,0
2,61499,Butte,Manzanita Elementary,661.2,660.5,661.9,21.52466,9.824,47.9167,240,11.15,15.4167,101,0.4208333,5099.381,4.583333
3,61549,Butte,Thermalito Union Elementary,643.6,636.3,650.9,18.69723,8.978,76.3226,1550,82.9,55.0323,169,0.1090323,5501.955,30
4,61457,Butte,Golden Feather Union Elementary,647.7,651.9,643.5,17.35714,8.978,77.0492,243,14,36.4754,85,0.3497942,7101.831,0
5,61523,Butte,Palermo Union Elementary,640.85,641.8,639.9,18.67133,9.080333,78.427,1335,71.5,33.1086,171,0.1280899,5235.988,13.85768
6,62042,Fresno,Burrel Union Elementary,605.55,605.7,605.4,21.40625,10.415,86.9565,137,6.4,12.3188,25,0.1824818,5580.147,12.40876
7,68536,San Joaquin,Holt Union Elementary,606.75,604.5,609,19.5,6.577,94.6237,195,10,12.9032,28,0.1435897,5253.331,68.71795
8,63834,Kern,Vineland Elementary,609,605.5,612.5,20.89412,8.174,100,888,42.5,18.8063,66,0.0743243,4565.746,46.95946
9,62331,Fresno,Orange Center Elementary,612.5,608.9,616.1,19.94737,7.385,93.1398,379,19,32.19,35,0.0923483,5355.548,30.07916
10,67306,Sacramento,Del Paso Heights Elementary,612.65,611.9,613.4,20.80556,11.61333,87.3164,2247,108,78.9942,0,0,5036.211,40.27592
11,65722,Merced,Le Grand Union Elementary,615.75,612.8,618.7,21.23809,8.931,85.8744,446,21,18.6099,86,0.1928251,4547.692,52.9148
12,62174,Fresno,West Fresno Elementary,616.3,616.6,616,21,7.385,98.6056,987,47,71.7131,56,0.0567376,5447.345,54.60993
13,71795,Tulare,Allensworth Elementary,616.3,612.8,619.8,20.6,5.335,98.1308,103,5,22.4299,25,0.2427184,6567.149,42.71844
14,72181,Tulare,Sunnyside Union Elementary,616.3,610,622.6,20.00822,8.279,77.1484,487,24.34,24.6094,0,0,4818.613,20.53388
15,72298,Tulare,Woodville Elementary,616.45,611.9,621,18.02778,9.63,76.2712,649,36,14.6379,31,0.0477658,5621.456,80.12326
16,72041,Tulare,Pixley Union Elementary,617.35,614.8,619.9,20.25196,7.454,94.2957,852,42.07,24.2142,80,0.0938967,6026.36,49.41314
17,63594,Kern,Lost Hills Union Elementary,618.05,611.7,624.4,16.97787,6.216,97.7597,491,28.92,11.2016,100,0.203666,6723.238,85.53972
18,63370,Kern,Buttonwillow Union Elementary,618.3,614.9,621.7,16.5098,7.764,77.9097,421,25.5,8.5511,50,0.1187648,5589.885,58.90736
19,64709,Los Angeles,Lennox Elementary,619.8,619.1,620.5,22.70402,7.022,94.9712,6880,303.03,21.2824,960,0.1395349,5064.616,77.00581
20,63560,Kern,Lamont Elementary,620.3,621.3,619.3,19.91111,5.699,93.2292,2688,135,23.4375,139,0.0517113,5433.593,49.81399
21,63230,Imperial,Westmorland Union Elementary,620.5,615.6,625.4,18.33333,7.941,100,440,24,34.7727,69,0.1568182,5725.563,40.68182
22,72058,Tulare,Pleasant View Elementary,621.4,619.9,622.9,22.61905,9.63,91.5464,475,21,21.6495,53,0.1115789,4542.105,16.21053
23,63842,Kern,Wasco Union Elementary,621.75,622.9,620.6,19.44828,7.405,70.8167,2538,130.5,18.9111,169,0.0665879,5107.086,45.07486
24,71811,Tulare,Alta Vista Elementary,622.05,620.7,623.4,25.05263,9.63,100,476,19,43.8559,0,0,4659.662,39.07563
25,65748,Merced,Livingston Union Elementary,622.6,619.5,625.7,20.67544,8.019,90.6237,2357,114,16.801,216,0.0916419,4555.464,76.66525
26,72272,Tulare,Woodlake Union Elementary,623.1,625,621.2,18.68235,8.523,85.1472,1588,85,22.4072,198,0.1246851,5415.153,40.49118
27,65961,Monterey,Alisal Union Elementary,623.2,620.4,626,22.84553,7.983181,88.0349,7306,319.8,17.0015,742,0.1015604,4997.872,73.72023
28,63313,Kern,Arvin Union Elementary,623.45,616.5,630.4,19.26667,7.305,92.1953,2601,135,15.0711,269,0.1034218,5223.912,70.01154
29,72199,Tulare,Terra Bella Union Elementary,623.6,620.1,627.1,19.25,8.934,90.2007,847,44,16.2928,67,0.0791027,5139.165,55.96222
30,72215,Tulare,Tipton Elementary,624.15,627.9,620.4,20.54545,8.554,81.0235,452,22,14.4989,55,0.1216814,4614.252,11.06195
31,68379,San Diego,San Ysidro Elementary,624.55,620.4,628.7,20.60697,6.613,81.5065,4142,201,35.5625,569,0.1373733,5342.233,80.42009
32,75440,Monterey,Soledad Unified,624.95,623,626.9,21.07268,12.409,90.2849,2102,99.75,15.3199,224,0.1065652,5347.458,63.13036
33,64816,Los Angeles,Mountain View Elementary,625.3,620.8,629.8,21.53581,8.126616,91.5934,10012,464.9,29.7639,721,0.0720136,5036.459,65.12186
34,66050,Monterey,King City Union Elementary,625.85,626.1,625.6,19.904,11.431,55.093,2488,125,12.692,202,0.0811897,5117.142,53.4164
35,67819,San Bernardino,Ontario-Montclair Elementary,626.1,625.4,626.8,21.19407,11.72223,80.1956,25151,1186.7,17.4426,1713,0.0681086,5117.04,49.82307
36,64758,Los Angeles,Los Nietos Elementary,626.8,625.4,628.2,21.86535,11.3325,84.4338,2267,103.68,19.1517,177,0.0780768,5272.192,35.46537
37,65870,Merced,Winton Elementary,626.9,623.6,630.2,18.32965,9.598,84.7314,1657,90.4,28.8473,204,0.1231141,5225.719,56.12553
38,62380,Fresno,Raisin City Elementary,627.1,628.9,625.3,16.22857,14.558,94.9324,284,17.5,14.527,18,0.0633803,6516.533,32.39437
39,68999,San Mateo,Ravenswood City Elementary,627.25,624.4,630.1,19.17857,22.06,81.1173,5370,280,19.5717,562,0.1046555,4559.177,65.5121
40,63578,Kern,Richland-Lerdo Union Elementary,627.3,627.5,627.1,20.27737,9.709,87.7782,2471,121.86,23.796,275,0.111291,5119.158,53.05544
41,72538,Ventura,Oxnard Elementary,628.25,627.8,628.7,22.98614,11.48294,71.4331,15386,669.36,12.5064,1762,0.1145197,5338.186,49.64253
42,65680,Merced,El Nido Elementary,628.4,621.6,635.2,20.44444,8.178,85.8696,184,9,22.2826,40,0.2173913,5090.045,45.1087
43,63461,Kern,Fairfax Elementary,628.55,629.4,627.7,19.82085,8.174,88.0952,1217,61.4,33.908,78,0.064092,5485.496,30.32046
44,63404,Kern,Delano Union Elementary,628.65,621.1,636.2,23.20522,7.5,100,6219,268,21.4986,571,0.0918154,4793.37,52.24313
45,67199,Riverside,Perris Elementary,628.75,626.5,631,19.26697,10.0505,92.7431,4258,221,24.6595,324,0.0760921,5092.917,36.80132
46,65078,Los Angeles,Valle Lindo Elementary,629.8,630.2,629.4,23.30189,7.332,62.1302,1235,53,8.2183,175,0.1417004,4359.521,30.2834
47,69369,Santa Clara,Alum Rock Union Elementary,630.35,629.5,631.2,21.18829,12.58158,69.7399,16244,766.65,17.4531,1423,0.0876016,5645.496,49.86457
48,63438,Kern,Edison Elementary,630.4,631.9,628.9,20.8718,15.177,67.4447,814,39,19.7789,85,0.1044226,4518.016,13.75921
49,63321,Kern,Bakersfield City Elementary,630.55,631.6,629.5,19.01749,12.10913,84.295,27176,1429,39.2184,3324,0.1223138,5864.366,28.8637
50,69450,Santa Clara,Franklin-McKinley Elementary,630.55,628.5,632.6,21.91938,11.785,70.8957,10696,487.97,22.1578,1306,0.1221017,5257.997,52.80479
51,64592,Los Angeles,Hawthorne Elementary,631.05,628.4,633.7,20.10124,14.062,79.512,8935,444.5,36.9451,786,0.0879687,5016.692,44.08506
52,65193,Madera,Chowchilla Elementary,631.4,635.7,627.1,21.47651,10.472,79.7255,1600,74.5,27.2614,242,0.15125,4720.086,35.25
53,66142,Monterey,Salinas City Elementary,631.85,633,630.7,20.06579,13.40512,69.9425,9028,449.92,13.9885,669,0.0741028,5470.563,37.49446
54,69120,Santa Barbara,Santa Maria-Bonita Elementary,631.9,629.6,634.2,20.3751,12.3018,77.5256,10625,521.47,7.4975,896,0.0843294,5615.442,50.39059
55,65110,Los Angeles,Whittier City Elementary,631.95,634.2,629.7,22.44648,15.40407,61.7382,7151,318.58,18.5481,560,0.0783107,5245.44,31.07258
56,64477,Los Angeles,Eastside Union Elementary,632,633.5,630.5,22.89524,13.762,52.9435,2404,105,20.9274,202,0.0840266,4838.175,18.26123
57,64691,Los Angeles,Lawndale Elementary,632.2,631.4,633,20.49797,14.184,81.1165,5804,283.15,28.3425,480,0.0827016,5367.988,34.70021
58,67421,Sacramento,Robla Elementary,632.25,637.5,627,20,8.865,84.5539,2253,112.65,43.4976,196,0.0869951,5526.237,33.28895
59,66191,Monterey,Santa Rita Union Elementary,632.45,637.3,627.6,22.25658,12.997,52.3964,2807,126.12,15.4595,152,0.0541503,4353.02,33.48771
60,72561,Ventura,Rio Elementary,632.85,633.2,632.5,21.56436,11.592,66.1949,3074,142.55,11.2898,249,0.081002,5034.29,38.15875
61,72157,Tulare,Strathmore Union Elementary,632.95,629.2,636.7,19.47737,8.279,83.1579,723,37.12,25.9211,45,0.0622407,4692.494,36.92946
62,67397,Sacramento,North Sacramento Elementary,633.05,630.3,635.8,17.67002,10.90564,84.999,5138,290.775,58.7522,560,0.1089918,5606.782,32.98949
63,66423,Orange,Anaheim Elementary,633.15,629.6,636.7,21.94756,13.40063,82.3926,20927,953.5,10.9114,1048,0.0500788,4969.181,58.21666
64,63974,Kings,Lemoore Union Elementary,633.65,634.4,632.9,21.78339,11.081,56.0636,3017,138.5,14.9768,496,0.1644017,4675.675,17.00365
65,63875,Kings,Armona Union Elementary,633.9,634.7,633.1,19.14,9.082,82.1317,957,50,27.1682,149,0.1556949,5306.133,17.65935
66,63339,Kern,Beardsley Elementary,634,638.4,629.6,18.1105,13.39,80.6042,1639,90.5,46.8882,287,0.1751068,5693.883,7.321537
67,65037,Los Angeles,South Whittier Elementary,634.05,631.9,636.2,20.68242,14.60163,93.9227,4340,209.84,17.7026,284,0.0654378,5181.58,31.19816
68,63917,Kings,Hanford Elementary,634.1,637.7,630.5,22.62361,11.116,63.8036,5079,224.5,25.5593,585,0.1151802,5228.651,16.61744
69,68221,San Diego,National Elementary,634.1,631.5,636.7,21.7865,8.423,100,6639,304.73,26.8414,505,0.0760657,5339.391,58.08104
70,70904,Sonoma,Roseland Elementary,634.15,636.8,631.5,18.58293,11.665,84.9206,1154,62.1,22.9277,129,0.1117851,6056.497,55.89254
71,63420,Kern,Di Giorgio Elementary,634.2,631.8,636.6,21.54545,7.305,76.7932,237,11,19.8312,13,0.0548523,4845.68,5.485232
72,64642,Los Angeles,Keppel Union Elementary,634.4,637.7,631.1,21.15289,13.7306,68.3964,2987,141.21,21.2588,273,0.091396,4826.666,14.42919
73,63966,Kings,Lakeside Union Elementary,634.55,635.5,633.6,16.63333,11.116,83.1193,499,30,40.367,94,0.1883768,5367.09,22.84569
74,65771,Merced,Merced City Elementary,634.7,633.2,636.2,21.14438,10.36443,77.0089,11474,542.65,40.5526,1248,0.1087677,5742.733,38.78334
75,69203,Santa Barbara,Guadalupe Union Elementary,634.9,631.1,638.7,19.78182,6.983,86.0294,1088,55,14.1544,107,0.0983456,4136.251,64.24632
76,67694,San Bernardino,Cucamonga Elementary,634.95,637.8,632.1,18.98373,14.4678,74.851,2660,140.12,15.7601,259,0.0973684,5267.831,25.22556
77,61705,Contra Costa,Knightsen Elementary,635.05,636.6,633.5,17.66767,14.653,33.0623,353,19.98,8.6721,8,0.0226629,5238.392,5.382436
78,63008,Humboldt,Rio Dell Elementary,635.2,644.3,626.1,17.75499,10.629,85.5422,329,18.53,28.9157,37,0.112462,5462.899,6.079028
79,70417,Siskiyou,Montague Elementary,635.45,640.9,630,15.27273,9.781,66.2551,252,16.5,23.4568,32,0.1269841,6313.374,0
80,70409,Siskiyou,McCloud Union Elementary,635.6,634.6,636.6,14,10.656,68.8235,175,12.5,21.7647,31,0.1771429,6653.031,0
81,72587,Ventura,Santa Paula Elementary,635.6,633,638.2,20.59613,11.938,72.8628,3835,186.2,13.9911,897,0.2338983,5533.149,34.88918
82,62539,Fresno,West Park Elementary,635.75,636.7,634.8,16.31169,7.385,93.6306,314,19.25,29.9363,8,0.0254777,6118.71,13.05732
83,65631,Merced,Atwater Elementary,635.95,633.2,638.7,21.12796,10.676,72.3208,4458,211,22.2222,445,0.0998205,5098.627,36.02512
84,65862,Merced,Weaver Union Elementary,636.1,633.9,638.3,17.48801,9.972,73.5976,1313,75.08,32.0868,112,0.0853008,5652.879,34.65347
85,62356,Fresno,Pacific Union Elementary,636.5,634.7,638.3,17.88679,8.258,75.7384,474,26.5,21.519,36,0.0759494,5329.002,28.69198
86,75051,San Bernardino,Lucerne Valley Unified,636.6,645.4,627.8,19.30676,8.896,62.2128,1114,57.7,29.4468,277,0.2486535,5929.809,1.795332
87,67231,Riverside,Romoland Elementary,636.7,632.3,641.1,20.89231,12.062,80.8683,1358,65,14.7903,178,0.1310751,4897.068,30.63329
88,64501,Los Angeles,El Monte City Elementary,636.9,632.4,641.4,21.28684,9.428895,83.8737,11629,546.3,25.3794,1015,0.0872818,5100.202,59.03345
89,63503,Kern,Greenfield Union Elementary,636.95,636.2,637.7,20.1956,8.920333,68.5719,6195,306.75,21.0433,1261,0.2035512,4825.723,13.55932
90,72033,Tulare,Palo Verde Union Elementary,637,636.1,637.9,24.95,10.098,80.9249,499,20,23.6994,35,0.0701403,4079.129,5.01002
91,67322,Sacramento,Elverta Joint Elementary,637.1,638,636.2,18.13043,11.83,46.0432,417,23,19.9041,27,0.0647482,5349.368,0.9592326
92,64048,Lake,Lucerne Elementary,637.35,640.9,633.8,20,11.553,72.1854,300,15,48.3444,55,0.1833333,5869.389,0.6666667
93,69542,Santa Clara,Luther Burbank Elementary,637.65,644.9,630.4,18.72951,19.707,67.713,457,24.4,16.8161,50,0.1094092,6462.128,38.51204
94,61382,Butte,Bangor Union Elementary,637.95,646.1,629.8,18.25,7.105,54.1096,146,8,25.3425,34,0.2328767,6231.602,0
95,68858,San Mateo,Bayshore Elementary,637.95,633.2,642.7,18.99257,13.725,66.9492,460,24.22,10.5932,71,0.1543478,4993.868,17.17391
96,72017,Tulare,Oak Valley Union Elementary,638,636.7,639.3,19.88764,10.098,59.7222,354,17.8,10.2778,28,0.079096,4663.811,9.887006
97,65151,Los Angeles,Wilsona Elementary,638.2,640.4,636,19.37895,13.762,64.7474,1841,95,25.258,315,0.1711027,6107.106,19.39164
98,63073,Imperial,Brawley Elementary,638.3,636.2,640.4,20.46259,9.665,65.7961,3760,183.75,26.9016,717,0.1906915,5324.228,36.48936
99,63198,Imperial,Meadows Union Elementary,638.3,630.4,646.2,22.29157,10.264,83,500,22.43,18.8,70,0.14,5221.461,39.4
100,64717,Los Angeles,Little Lake City Elementary,638.35,638.6,638.1,20.70474,11.5692,59.7235,5112,246.9,10.6912,383,0.0749217,5157.785,28.67762
101,63719,Kern,Pond Union Elementary,638.55,637.5,639.6,19.06005,7.405,66.4384,146,7.66,13.6986,28,0.1917808,5131.119,13.69863
102,63800,Kern,Taft City Elementary,638.7,636.9,640.5,20.23247,12.077,65.3828,2141,105.82,26.4965,134,0.0625876,5279.354,11.34984
103,71357,Sutter,Brittan Elementary,639.25,640.3,638.2,19.69012,11.283,56.0656,610,30.98,8.5246,144,0.2360656,4704.044,3.442623
104,65557,Mendocino,Arena Union Elementary,639.3,642.7,635.9,20.36254,10.035,60.1329,337,16.55,21.2625,26,0.0771513,6089.911,15.43027
105,67587,San Bernardino,Adelanto Elementary,639.35,639.9,638.8,19.75422,8.384,63.9055,4501,227.85,19.1297,597,0.1326372,5356.833,17.97378
106,67470,San Benito,Hollister School District,639.5,641.4,637.6,19.37977,13.63,37.0456,5718,295.05,6.8407,313,0.0547394,5144.549,22.71773
107,64857,Los Angeles,Palmdale Elementary,639.75,641.7,637.8,22.92351,14.12767,51.2421,19402,846.38,20.5237,1182,0.0609216,4906.23,18.43624
108,61507,Butte,Oroville City Elementary,639.8,641.5,638.1,19.3734,11.26612,74.2723,3401,175.55,52.2199,560,0.1646575,5489.589,16.17171
109,63792,Kern,Standard Elementary,639.85,641.4,638.3,19.15516,13.39,64.0977,2621,136.83,25.8298,397,0.1514689,5718.551,2.022129
110,72447,Ventura,Briggs Elementary,639.9,634.3,645.5,21.3,11.938,64.7887,426,20,3.9906,87,0.2042253,4436.153,9.624413
111,62323,Fresno,Monroe Elementary,640.1,643.5,636.7,18.30357,8.258,80.9756,205,11.2,18.5366,24,0.1170732,4895.439,41.46341
112,64667,Los Angeles,Lancaster Elementary,640.15,640.4,639.9,21.07926,14.22673,56.2994,13668,648.41,28.1753,1321,0.0966491,5159.219,9.899035
113,65177,Madera,Alview-Dairyland Union Elementary,640.5,637.7,643.3,18.79121,10.472,68.0912,342,18.2,11.396,98,0.2865497,5490.655,16.08187
114,66589,Orange,Magnolia Elementary,640.75,638.5,643,19.62662,14.2429,71.0238,6518,332.1,12.2791,499,0.0765572,5172.02,43.49494
115,71985,Tulare,Liberty Elementary,640.9,644.9,636.9,19.59016,14.066,69.6203,239,12.2,15.6118,30,0.125523,4441.673,8.786611
116,69617,Santa Clara,Mt. Pleasant Elementary,641.1,640.4,641.8,20.87187,15.968,52.9735,2911,139.47,11.9285,281,0.0965304,5220.37,39.02439
117,63123,Imperial,El Centro Elementary,641.45,639.3,643.6,21.115,10.264,71.7624,6272,297.04,28.72,1338,0.2133291,5252.811,53.8903
118,68395,San Diego,South Bay Union Elementary,641.45,638.6,644.3,20.08452,10.60247,70.8064,10218,508.75,17.4202,1435,0.1404384,5518.702,41.13329
119,69914,Shasta,Cascade Union Elementary,641.55,640.8,642.3,19.91049,10.523,75.5043,1735,87.14,47.2622,222,0.1279539,5609.488,1.383285
120,71969,Tulare,Kings River Union Elementary,641.8,638.9,644.7,17.81285,11.238,82.0675,474,26.61,20.6751,96,0.2025317,4945.032,35.44304
121,71548,Tehama,Gerber Union Elementary,642.2,641.8,642.6,18.13333,10.056,74.8624,544,30,20.5505,145,0.2665441,5223.025,8.639706
122,71910,Tulare,Exeter Union Elementary,642.2,637,647.4,19.22221,11.183,54.6541,1987,103.37,15.2812,283,0.1424258,4757.025,15.34977
123,62000,Fresno,American Union Elementary,642.4,640.2,644.6,18.66072,7.385,63.4328,418,22.4,10.6965,50,0.1196172,5522.162,19.85646
124,66167,Monterey,San Antonio Union Elementary,642.75,652.6,632.9,19.6,13.579,47.1503,196,10,19.6891,40,0.2040816,6087.609,3.061224
125,71837,Tulare,Burton Elementary,643.05,642,644.1,19.28384,9.63,53.2106,2208,114.5,14.414,92,0.0416667,4960.516,9.873188
126,67157,Riverside,Nuview Union Elementary,643.2,642.6,643.8,22.81818,15.274,44.2597,1255,55,11.3222,165,0.1314741,4880.041,16.09562
127,70615,Sonoma,Bellevue Union Elementary,643.25,639.4,647.1,18.80922,14.03425,80.2587,1469,78.1,20.9666,65,0.0442478,6538.418,43.49898
128,64550,Los Angeles,Garvey Elementary,643.4,638.9,647.9,21.37363,10.23967,82.5722,7114,332.84,34.5942,680,0.0955862,4925.66,45.03795
129,71498,Tehama,Corning Union Elementary,643.4,641.7,645.1,20.02041,9.485,67.7518,1962,98,24.4151,170,0.0866463,5204.688,18.19572
130,68916,San Mateo,Jefferson Elementary,643.5,644.2,642.8,21.49862,15.02987,44.4766,7761,361,6.4912,658,0.0847829,4907.411,15.48769
131,70185,Siskiyou,Big Springs Union Elementary,643.5,652.7,634.3,15.42857,9.781,48.8789,216,14,9.417,47,0.2175926,5923.452,0.9259259
132,63487,Kern,General Shafter Elementary,643.7,633.6,653.8,22.4,13.192,58.0357,224,10,7.1429,31,0.1383929,4741.957,7.589286
133,71308,Stanislaus,Turlock Joint Elementary,643.7,645.7,641.7,20.12709,12.216,57.0722,7887,391.86,16.4024,1004,0.1272981,4954.02,29.08584
134,72421,Tuolumne,Twain Harte-Long Barn Union Elementary,644.2,652.3,636.1,19.03798,14.076,34.0789,752,39.5,11.7105,0,0,5500.108,0.1329787
135,69005,San Mateo,Redwood City Elementary,644.2,644.5,643.9,17.34216,25.48733,39.0368,9328,537.88,7.4875,1719,0.1842839,5360.517,50.85763
136,61846,El Dorado,Camino Union Elementary,644.4,652.1,636.7,17.01863,14.867,31.3869,548,32.2,7.6642,35,0.0638686,5685.639,11.49635
137,65813,Merced,Plainsburg Union Elementary,644.45,649.5,639.4,20.8,9.972,49.5238,104,5,32.381,19,0.1826923,5594.196,13.46154
138,68486,San Joaquin,Banta Elementary,644.45,643.2,645.7,21.15385,14.578,45.8182,275,13,12.7273,4,0.0145455,4692.567,4.727273
139,62513,Fresno,Washington Colony Elementary,644.5,644.3,644.7,18.45833,7.385,69.9774,443,24,14.2212,52,0.1173815,5085.406,21.44469
140,67405,Sacramento,Rio Linda Union Elementary,644.55,646,643.1,19.14082,12.343,58.5454,10337,540.05,37.2269,1268,0.1226662,5456.197,12.35368
141,71050,Stanislaus,Chatom Union Elementary,644.7,645.3,644.1,19.40766,12.43133,56.6751,806,41.53,7.1788,36,0.044665,5105.18,30.14888
142,73726,Merced,Merced River Union Elementary,644.95,649.7,640.2,19.56896,14.906,59.0308,227,11.6,18.0617,25,0.1101322,5519.677,15.85903
143,72462,Ventura,Hueneme Elementary,645.1,642.9,647.3,21.5012,12.6699,71.9121,8416,391.42,12.399,1333,0.1583888,5065.911,43.75
144,62737,Humboldt,Cuddeback Union Elementary,645.25,656.8,633.7,17.52941,10.333,59.0604,149,8.5,19.4631,30,0.2013423,5182.428,0
145,62703,Humboldt,Blue Lake Union Elementary,645.55,658,633.1,16.43017,11.972,52.1739,220,13.39,19.1304,48,0.2181818,5960.464,0
146,68205,San Diego,Lemon Grove Elementary,645.55,647.7,643.4,19.79654,12.827,65.915,4612,232.97,17.4761,601,0.1303122,5124.836,16.65221
147,64063,Lake,Upper Lake Union Elementary,645.6,644.8,646.4,17.18613,10.04,70.6577,590,34.33,37.4368,71,0.120339,5655.133,3.220339
148,62984,Humboldt,Peninsula Union Elementary,645.75,644.3,647.2,17.61589,13.335,72.1429,133,7.55,25,25,0.1879699,5811.69,0
149,72512,Ventura,Ocean View Elementary,645.75,645.5,646,20.12537,9.854,47.0299,2440,121.24,7.2759,116,0.047541,5467.674,48.52459
150,71647,Tehama,Reeds Creek Elementary,646,652.5,639.5,22.16667,11.426,35.8209,133,6,11.194,0,0,5213.089,0.7518797
151,67280,Sacramento,Arcohe Union Elementary,646.2,650.9,641.5,19.96154,15.131,37.9576,519,26,16.763,65,0.1252408,4613.188,1.926782
152,68627,San Joaquin,New Jerusalem Elementary,646.35,643,649.7,19.03945,14.578,40.625,222,11.66,7.5893,30,0.1351351,4886.984,13.51351
153,70243,Siskiyou,Dunsmuir Elementary,646.4,641.6,651.2,15.22436,10.268,76.2774,285,18.72,26.6423,36,0.1263158,6455.137,0
154,71282,Stanislaus,Stanislaus Union Elementary,646.5,647.8,645.2,21.14475,15.59286,55.7901,3129,147.98,26.1676,471,0.1505273,5125.433,16.71461
155,62240,Fresno,Kingsburg Joint Union Elementary,646.55,649.1,644,19.6439,11.238,40.5646,2019,102.78,10.2526,167,0.0827142,5193.692,5.943536
156,66456,Orange,Buena Park Elementary,646.7,644,649.4,21.04869,15.05138,55.0939,5620,267,10.3095,316,0.0562278,5002.839,36.17438
157,66746,Orange,Westminster Elementary,646.9,645.6,648.2,20.17544,15.41318,62.5039,9775,484.5,13.043,1218,0.1246036,5337.625,44.97187
158,63933,Kings,Island Union Elementary,646.95,647.8,646.1,21.3913,11.081,43.9024,246,11.5,9.7561,38,0.1544715,5161.202,16.66667
159,72231,Tulare,Tulare City Elementary,647.05,642.5,651.6,20.00833,10.098,68.8579,7210,360.35,26.6268,800,0.110957,5158.792,15.18724
160,68023,San Diego,Chula Vista Elementary,647.25,645,649.5,20.29137,14.2983,45.995,21338,1051.58,13.2272,2889,0.1353923,5123.474,34.3378
161,69880,Shasta,Black Butte Union Elementary,647.3,650.8,643.8,17.66667,11.803,59.5388,477,27,25.3669,27,0.0566038,5782.544,0
162,65763,Merced,McSwain Union Elementary,647.6,649.4,645.8,18.22055,9.972,32.1871,727,39.9,10.1788,50,0.0687758,4842.608,13.0674
163,71381,Sutter,Franklin Elementary,647.6,651.6,643.6,20.271,15.409,7.4866,374,18.45,6.6845,46,0.1229947,4219.406,4.278075
164,68098,San Diego,Escondido Union Elementary,648,645,651,20.19895,15.2938,58.5331,18255,903.76,11.2217,2001,0.1096138,5081.17,39.59463
165,64485,Los Angeles,East Whittier City Elementary,648.2,648,648.4,21.38424,15.53293,32.483,8787,410.91,10.0227,1058,0.1204051,5144.994,21.66837
166,73544,Kern,Rio Bravo-Greeley Union Elementary,648.25,648.8,647.7,20.97368,16.293,35.7591,797,38,7.0263,60,0.0752823,4674.299,3.262233
167,71407,Sutter,Marcum-Illinois Union Elementary,648.35,651.6,645.1,20,12.875,39.2857,140,7,3.5714,40,0.2857143,4830.326,7.857143
168,68437,San Diego,Vallecitos Elementary,648.7,643.4,654,17.15328,16.623,67.234,235,13.7,6.8085,51,0.2170213,5621.688,39.57447
169,67918,San Bernardino,Victor Elementary,648.95,645.1,652.8,22.34977,12.54988,51.5674,8294,371.1,23.1975,1295,0.156137,4948.868,10.1278
170,66696,Orange,Savanna Elementary,649.15,646,652.3,22.17007,14.25857,52.1202,2409,108.66,8.1515,354,0.1469489,5100.976,27.52179
171,71001,Sonoma,West Side Union Elementary,649.3,655.2,643.4,18.18182,18.326,23.2258,150,8.25,3.2258,16,0.1066667,5132.789,14
172,69971,Shasta,Enterprise Elementary,649.5,649.8,649.2,18.95714,12.74914,51.7709,3981,210,41.7734,606,0.1522231,5358.517,8.842
173,71621,Tehama,Red Bluff Union Elementary,649.7,651.3,648.1,19.74533,11.426,52.2523,2326,117.8,17.9751,345,0.1483233,5149.187,6.405847
174,72363,Tuolumne,Jamestown Elementary,649.85,652.6,647.1,16.42623,8.83,54.7619,501,30.5,20.6349,163,0.3253493,5373.207,2.39521
175,70482,Siskiyou,Weed Union Elementary,650.45,655.1,645.8,16.6254,11.176,89.6996,470,28.27,31.3305,48,0.1021277,6485.166,5.957447
176,63032,Humboldt,South Bay Union Elementary,650.55,654.6,646.5,16.38177,14.228,59.1304,575,35.1,26.4348,59,0.1026087,5504.025,8.173913
177,61655,Contra Costa,Brentwood Union Elementary,650.6,655.4,645.8,20.07416,15.027,29.7812,3519,175.3,5.5413,789,0.2242114,5105.734,15.45894
178,72405,Tuolumne,Summerville Elementary,650.65,653.6,647.7,17.99544,10.521,54.9898,474,26.34,21.9959,61,0.128692,5634.731,0
179,66860,Placer,Ophir Elementary,650.9,651.8,650,19.3913,18.626,17.5439,223,11.5,1.7544,60,0.2690583,4980.294,0
180,70821,Sonoma,Montgomery Elementary,650.9,656.1,645.7,16.42857,22.529,0,92,5.6,13.5417,22,0.2391304,6113.86,0
181,70912,Sonoma,Santa Rosa Elementary,651.15,653.3,649,16.72949,18.29839,55.1008,4971,297.14,14.7094,500,0.1005834,5850,31.82458
182,71266,Stanislaus,Salida Union Elementary,651.2,651.7,650.7,24.41345,11.88575,32.3697,2617,107.195,8.3682,226,0.0863584,4547.945,12.80092
183,70128,Shasta,Shasta Union Elementary,651.35,654.4,648.3,18.26415,9.926,51.6529,242,13.25,28.0992,32,0.1322314,5011.84,0
184,62802,Humboldt,Fortuna Union Elementary,651.4,662,640.8,18.95504,14.197,50.7634,780,41.15,16.5394,75,0.0961538,5261.371,3.846154
185,72090,Tulare,Rockford  Elementary,651.45,647,655.9,21.03896,9.63,58.2043,324,15.4,13.0031,50,0.154321,4276.115,2.469136
186,62638,Glenn,Plaza Elementary,651.8,654.2,649.4,20.74074,10.639,45.7143,140,6.75,7.8571,25,0.1785714,4566.27,10.71429
187,70813,Sonoma,Monte Rio Union Elementary,651.85,651.9,651.8,18.1,14.475,66.8508,181,10,25.4144,26,0.1436464,6049.495,0
188,64105,Lassen,Janesville Union Elementary,651.9,656.3,647.5,19.84615,13.467,24.8148,516,26,9.2593,65,0.125969,4974.281,1.937984
189,63172,Imperial,Magnolia Union Elementary,652,648.2,655.8,21.6,9.665,32.1101,108,5,3.6697,25,0.2314815,4432.478,4.62963
190,64188,Lassen,Shaffer Union Elementary,652.1,656.4,647.8,22.44242,12.708,50,419,18.67,13.9535,58,0.1384248,4924.619,5.250597
191,66506,Orange,Fullerton Elementary,652.1,651.6,652.6,23.01438,17.823,40.3995,12567,546.05,7.6231,1099,0.0874513,4603.66,27.54038
192,70649,Sonoma,Cinnabar Elementary,652.3,655.1,649.5,17.74892,17.156,31.0345,287,16.17,3.7931,65,0.2264808,5973.925,14.98258
193,69278,Santa Barbara,Santa Barbara Elementary,652.3,650.9,653.7,18.28664,19.58964,47.7025,6201,339.1,7.1796,634,0.1022416,5215.944,47.87938
194,63016,Humboldt,Rohnerville Elementary,652.35,657.2,647.5,19.26544,14.197,46.0504,577,29.95,20.3361,134,0.2322357,4882.237,0
195,71431,Sutter,Pleasant Grove Joint Union Elementary,652.4,660.3,644.5,22.66667,11.912,32.3529,170,7.5,10.5882,41,0.2411765,4145.836,1.764706
196,73700,Shasta,Mountain Union Elementary,652.4,655.2,649.6,19.29412,13.386,65.8537,164,8.5,33.5366,36,0.2195122,7542.038,0
197,63784,Kern,South Fork Union Elementary,652.5,653.1,651.9,17.36364,11.554,59.2138,382,22,29.2383,75,0.1963351,5247.018,0
198,68155,San Diego,Jamul-Dulzura Union Elementary,652.85,656.8,648.9,19.82143,19.026,25.3071,1221,61.6,4.3407,250,0.2047502,5169.815,7.289107
199,69765,Santa Cruz,Live Oak Elementary,653.1,656.1,650.1,20.43378,16.407,36.4499,2214,108.35,12.8726,213,0.096206,5951.006,17.028
200,67116,Riverside,Menifee Union Elementary,653.4,653.7,653.1,21.03721,14.058,29.1987,4523,215,5.7519,409,0.0904267,4746.572,10.43555
201,63552,Kern,Lakeside Union Elementary,653.5,652.4,654.6,19.92462,19.068,30.7692,793,39.8,4.4136,49,0.0617907,4944.092,2.269861
202,69724,Santa Clara,Whisman Elementary,653.55,655.6,651.5,19.00986,20.77,38.2002,1678,88.27,5.4827,254,0.1513707,6306.487,28.24791
203,63180,Imperial,McCabe Union Elementary,653.55,653.4,653.7,23.82222,10.264,28.1716,536,22.5,5.597,35,0.0652985,4260.307,8.768657
204,68551,San Joaquin,Lammersville Elementary,653.7,654.1,653.3,19.36909,14.578,28.6645,307,15.85,5.5375,36,0.1172638,4718.163,7.491857
205,71563,Tehama,Lassen View Union Elementary,653.8,655.5,652.1,19.82857,10.202,53.6023,347,17.5,18.4438,56,0.1613833,4751.3,9.798271
206,62927,Humboldt,Loleta Union Elementary,653.85,655.9,651.8,15.25885,12.502,63.6905,168,11.01,29.1667,30,0.1785714,5653.454,12.5
207,70045,Shasta,Junction Elementary,653.95,656.6,651.3,17.16129,13.906,29.6435,532,31,10.5066,81,0.1522556,5920.253,0
208,64931,Los Angeles,Rosemead Elementary,654.1,651.4,656.8,21.81333,9.986,76.7726,3272,150,24.022,374,0.1143032,4825.591,31.20415
209,66332,Nevada,Grass Valley Elementary,654.2,657.8,650.6,19.07471,13.712,40.9291,2045,107.21,12.1271,268,0.1310513,5532.582,1.369193
210,71829,Tulare,Buena Vista Elementary,654.2,659.8,648.6,25.78512,10.098,47.8528,156,6.05,10.4294,7,0.0448718,3926.07,9.615385
211,63545,Kern,Kernville Union Elementary,654.3,655.1,653.5,18.21261,11.291,62.2675,1129,61.99,34.1895,164,0.1452613,5805.637,0
212,67348,Sacramento,Galt Joint Union Elementary,654.6,652.7,656.5,18.16606,13.225,41.0546,3669,201.97,11.3589,500,0.1362769,4899.24,24.25729
213,67553,San Benito,Southside Elementary,654.85,654.2,655.5,16.97297,13.63,10.1266,157,9.25,1.8987,19,0.1210191,4884.862,9.55414
214,68189,San Diego,Lakeside Union Elementary,654.85,653.5,656.2,21.50087,14.623,25.8885,4928,229.2,8.542,618,0.1254058,5139.938,5.925324
215,71423,Sutter,Nuestro Elementary,654.9,662.2,647.6,20.6,8.776,23.301,103,5,5.8252,13,0.1262136,5249.365,0.9708738
216,61994,Fresno,Alvina Elementary,655.05,650,660.1,16.99029,10.338,70.2857,175,10.3,14.8571,17,0.0971429,5399.07,18.28571
217,61762,Contra Costa,Oakley Union Elementary,655.05,657.4,652.7,20.77954,16.323,23.4409,4153,199.86,7.5269,241,0.0580303,4965.29,4.984349
218,70268,Siskiyou,Etna Union Elementary,655.05,660.4,649.7,15.51247,10.65633,56.5217,280,18.05,8.6957,67,0.2392857,6210.323,4.285715
219,68544,San Joaquin,Jefferson Elementary,655.2,660.8,649.6,19.88506,14.578,12.5741,865,43.5,3.0842,96,0.1109827,4797.503,3.352601
220,69377,Santa Clara,Berryessa Union Elementary,655.3,655.4,655.2,21.39882,18.6306,21.3434,8735,408.2,7.4966,1120,0.1282198,5397.162,32.7075
221,63958,Kings,Kit Carson Union Elementary,655.35,653,657.7,20.49751,11.116,60.9223,412,20.1,8.7379,72,0.1747573,5078.5,9.46602
222,71290,Stanislaus,Sylvan Union Elementary,655.35,657.6,653.1,19.36376,14.59767,36.89,6373,329.12,12.6785,624,0.0979131,4733.747,6.260787
223,68635,San Joaquin,Oak View Union Elementary,655.4,653.2,657.6,17.65957,15.493,34.0361,332,18.8,9.0361,73,0.2198795,4963.06,13.25301
224,66787,Placer,Auburn Union Elementary,655.55,662,649.1,21.01796,16.272,34.4471,2903,138.12,11.1264,192,0.0661385,5431.177,3.169135
225,67504,San Benito,North County Joint Union Elementary,655.7,651.6,659.8,19.05565,13.63,36.6372,565,29.65,6.7257,60,0.1061947,5382.089,16.99115
226,61945,El Dorado,Pioneer Union Elementary,655.8,662,649.6,22.53846,12.394,37.884,586,26,7.5085,78,0.1331058,5724.442,0.8532423
227,67645,San Bernardino,Central Elementary,655.85,655.9,655.8,21.10787,15.331,34.2344,5068,240.1,7.0639,626,0.1235201,4843.427,6.649566
228,70094,Shasta,Pacheco Union Elementary,656.4,654.1,658.7,20.05135,12.666,40.163,859,42.84,16.4144,118,0.137369,5730.349,0.1164144
229,66316,Nevada,Chicago Park Elementary,656.5,657.8,655.2,14.20176,13.712,20,145,10.21,8.2759,20,0.137931,5635.786,0
230,68874,San Mateo,Brisbane Elementary,656.55,658.7,654.4,18.47687,17.78033,19.5686,649,35.125,3.8521,155,0.238829,5671.657,6.933744
231,63883,Kings,Central Union Elementary,656.65,655.4,657.9,18.63542,10.55667,56.0089,1789,96,2.9625,435,0.2431526,7070.633,9.558413
232,70011,Shasta,Happy Valley Union Elementary,656.7,661.5,651.9,20.94595,10.523,61.4194,775,37,24.9032,50,0.0645161,5097.343,0.9032258
233,61572,Calaveras,Mark Twain Union Elementary,656.8,663.4,650.2,21.08548,13.243,39.8487,777,36.85,12.9887,148,0.1904762,5482.677,1.158301
234,65458,Marin,San Rafael City Elementary,656.8,656.7,656.9,18.69288,22.473,49.4269,3518,188.2,9.7708,419,0.1191018,5642.832,40.10802
235,67991,San Diego,Cajon Valley Union Elementary,657,657.6,656.4,20.86808,15.68465,50.9708,19294,924.57,18.9319,2401,0.1244428,5280.023,16.66321
236,69393,Santa Clara,Campbell Union Elementary,657,657.3,656.7,19.82558,23.48375,32.1368,7661,386.42,7.8058,1158,0.1511552,5433.34,21.95536
237,71365,Sutter,Browns Elementary,657.15,661,653.3,19.75,11.649,25.3165,158,8,6.3291,34,0.2151899,4529.284,8.86076
238,66324,Nevada,Clear Creek Elementary,657.4,664.9,649.9,19.5,16.356,36.1345,117,6,8.4034,42,0.3589744,6039.986,0.8547009
239,63057,Humboldt,Trinidad Union Elementary,657.5,672.8,642.2,18.3908,14.074,36.7816,160,8.7,16.092,37,0.23125,6168.229,0
240,70722,Sonoma,Guerneville Elementary,657.55,664.2,650.9,18.78676,13.437,51.8519,511,27.2,27.4854,30,0.0587084,5774.97,3.913894
241,69013,San Mateo,San Bruno Park Elementary,657.65,659.7,655.6,19.77018,18.338,25.5596,2770,140.11,3.6101,296,0.1068592,4806.762,11.94946
242,71472,Tehama,Antelope Elementary,657.75,660.2,655.3,19.33333,11.426,51.5625,551,28.5,15.2344,46,0.0834846,4840.936,3.99274
243,66472,Orange,Centralia Elementary,657.8,655.1,660.5,21.46392,15.74992,37.2911,5205,242.5,8.3189,474,0.0910663,4954.466,22.93948
244,67702,San Bernardino,Etiwanda Elementary,657.9,658.5,657.3,23.08492,15.779,17.1508,6437,278.84,2.5167,622,0.0966289,4023.532,2.48563
245,65169,Los Angeles,Wiseburn Elementary,658,657,659,21.06299,14.062,32.6519,1712,81.28,5.3738,122,0.0712617,5179.411,9.871495
246,63024,Humboldt,Scotia Union Elementary,658.35,664,652.7,18.68687,12.174,36.3144,370,19.8,6.5041,56,0.1513513,4385.229,0.5405406
247,67785,San Bernardino,Mountain View Elementary,658.6,654.7,662.5,20.77024,12.9,26.9433,3182,153.2,3.5305,328,0.1030798,4777.513,8.956632
248,68791,San Luis Obispo,Pleasant Valley Joint Union Elementary,658.8,661.3,656.3,19.30556,10.971,29.4964,139,7.2,0.7194,32,0.2302158,4862.791,6.47482
249,69625,Santa Clara,Oak Grove Elementary,659.05,654.9,663.2,20.1328,17.4352,32.7655,11855,588.84,9.0158,1507,0.1271194,5486.03,20.72543
250,61960,El Dorado,Pollock Pines Elementary,659.15,662.1,656.2,20.66964,14.76,36.7978,1068,51.67,12.8277,129,0.1207865,5486.382,0.1872659
251,64345,Los Angeles,Castaic Union Elementary,659.35,658.3,660.4,22.28155,14.603,31.3709,2295,103,4.0395,224,0.0976035,4631.244,13.98693
252,63255,Inyo,Bishop Union Elementary,659.4,662.8,656,20.60027,13.52233,37.1086,1510,73.3,10.2598,141,0.0933775,5189.628,8.741721
253,69138,Santa Barbara,Buellton Union Elementary,659.4,660,658.8,20.82734,16.669,31.5,579,27.8,1.5,60,0.1036269,4600.606,20.03454
254,75135,Madera,Chawanakee Jt. Elementary,659.8,660.8,658.8,19.22492,13.52225,33.6301,1012,52.64,10.4847,140,0.1383399,6735.775,1.383399
255,70508,Siskiyou,Yreka Union Elementary,659.9,660.4,659.4,17.65477,12.518,47.1247,1212,68.65,18.2972,107,0.0882838,5475.173,2.062706
256,70599,Sonoma,Alexander Valley Union Elementary,660.05,661.7,658.4,17,18.326,33.6,119,7,4,23,0.1932773,5990.794,28.57143
257,66415,Nevada,Twin Ridges Elementary,660.1,673.1,647.1,16.49773,11.466,30.678,590,35.7625,7.7966,78,0.1322034,7203.247,0.1694915
258,72173,Tulare,Sundale Union Elementary,660.2,659.8,660.6,19.78261,10.098,54.7619,546,27.6,13.9194,60,0.1098901,4777.769,13.73626
259,72207,Tulare,Three Rivers Union Elementary,660.3,667.8,652.8,22.30216,15.365,21.2687,248,11.12,7.4627,51,0.2056452,4302.835,0
260,72348,Tuolumne,Columbia Union Elementary,660.75,666.9,654.6,17.73077,10.31133,48.8121,461,26,14.4708,150,0.3253796,5630.195,0.2169197
261,65102,Los Angeles,Westside Union Elementary,660.95,662.1,659.8,20.44836,16.98663,22.693,6312,308.68,9.8379,496,0.0785805,4708.625,3.121039
262,65649,Merced,Ballico-Cressey Elementary,661.35,661.1,661.6,20.37169,9.612,66.2069,285,13.99,7.2414,62,0.2175439,5629.961,47.36842
263,68973,San Mateo,Millbrae Elementary,661.45,662,660.9,20.16479,21.1105,15.6559,2325,115.3,2.8817,302,0.1298925,4890.987,22.70968
264,69435,Santa Clara,Evergreen Elementary,661.6,659.1,664.1,21.61538,16.47331,30.4417,11885,549.84,10.1977,1790,0.15061,4929.393,29.12074
265,70730,Sonoma,Harmony Union Elementary,661.6,672.4,650.8,20.56143,18.369,21.3793,564,27.43,6.8966,46,0.0815603,4905.221,4.432624
266,63362,Kern,Panama Buena Vista Union Elementary,661.85,660.1,663.6,19.95551,16.65411,31.0189,12380,620.38,12.2952,1671,0.1349758,5156.857,4.814217
267,68932,San Mateo,Laguna Salada Union Elementary,661.85,665.4,658.3,21.18387,18.54422,18.3878,3772,178.06,3.372,529,0.1402439,4941.788,5.249205
268,72371,Tuolumne,Sonora Elementary,661.85,662.7,661,18.81042,14.18,42.4468,895,47.58,17.5532,70,0.0782123,5408.782,1.899441
269,66910,Placer,Roseville City Elementary,661.9,664.3,659.5,20.57838,18.02955,30.0691,5714,277.67,10.5343,489,0.0855793,4981.388,8.662933
270,71084,Stanislaus,Gratton Elementary,661.9,662.5,661.3,18.32461,13.586,0,105,5.73,0,16,0.152381,4877.086,10.47619
271,64196,Lassen,Susanville Elementary,661.95,660.4,663.5,18.82063,12.64,42.6009,1449,76.99,16.5279,125,0.0862664,5111.739,1.242236
272,69872,Shasta,Bella Vista Elementary,662.4,663.1,661.7,20.81633,11.103,45.8824,510,24.5,20.3922,95,0.1862745,5201.516,0
273,71852,Tulare,Columbine Elementary,662.4,651.4,673.4,20,7.5,56.875,160,8,11.25,39,0.24375,4138.306,9.375
274,64626,Los Angeles,Hughes-Elizabeth Lakes Union Elementary,662.45,665.4,659.5,19.68182,15.506,25.1037,433,22,9.3361,50,0.1154734,5743.597,1.385681
275,69591,Santa Clara,Mountain View Elementary,662.5,663.5,661.5,19.39018,22.8414,44.3907,3186,164.31,5.4539,411,0.1290019,5702.705,35.34212
276,65045,Los Angeles,Sulphur Springs Union Elementary,662.55,661.7,663.4,20.92732,19.82313,27.3545,5010,239.4,5.2989,576,0.1149701,4802.153,9.640718
277,70680,Sonoma,Forestville Union Elementary,662.55,669.4,655.7,19.94437,16.347,24.7222,717,35.95,8.8889,100,0.13947,5442.143,2.23152
278,63750,Kern,Rosedale Union Elementary,662.65,658.3,667,20.79109,16.293,14.8509,3548,170.65,3.26,335,0.0944194,4522.375,0.3664036
279,69948,Shasta,Columbia Elementary,662.7,662.4,663,19.20354,13.248,29.8387,868,45.2,16.5899,78,0.0898618,4965.808,0.5760369
280,66795,Placer,Colfax Elementary,662.75,667.1,658.4,19.02439,14.01,37.0874,507,26.65,13.2039,60,0.1183432,5358.326,0
281,70425,Siskiyou,Mt. Shasta Union Elementary,662.9,668.3,657.5,17.62058,14.163,25.6055,822,46.65,8.0738,105,0.1277372,5784.625,0.8515815
282,70870,Sonoma,Piner-Olivet Union Elementary,663.35,667.4,659.3,20.23715,15.771,20.9263,1792,88.55,3.125,143,0.0797991,5072.705,5.524554
283,65185,Madera,Bass Lake Joint Elementary,663.45,664.3,662.6,19.29374,14.48333,35.8462,1202,62.3,12.0769,190,0.1580699,5556.041,0
284,62745,Humboldt,Cutten Elementary,663.5,660.2,666.8,18.82998,14.209,26.2136,515,27.35,16.1165,58,0.1126214,5190.31,0
285,61952,El Dorado,Placerville Union Elementary,663.85,666.4,661.3,20.33949,15.167,36.4845,1354,66.57,12.0384,263,0.1942393,5211.485,2.437223
286,71035,Sonoma,Wright Elementary,663.85,659.4,668.3,19.229,12.58425,43.2165,1252,65.11,9.4512,113,0.0902556,5284.164,20.76677
287,71522,Tehama,Evergreen Union Elementary,663.9,657.7,670.1,17.8913,10.551,55.2855,823,46,13.8518,127,0.1543135,5331.921,2.18712
288,70847,Sonoma,Old Adobe Union Elementary,664,666.2,661.8,19.51881,16.956,13.3692,2231,114.3,2.9161,258,0.1156432,5599.608,13.62618
289,71019,Sonoma,Wilmar Union Elementary,664,668.7,659.3,19.08451,17.709,25.4296,271,14.2,4.4674,81,0.298893,4881.899,13.28413
290,66761,Placer,Ackerman Elementary,664.15,671.3,657,19.93548,16.272,32.6861,309,15.5,4.2071,85,0.2750809,4700.432,1.941748
291,69815,Santa Cruz,Santa Cruz City Elementary,664.15,666.7,661.6,18.87326,17.9008,33.8103,3005,159.22,8.619,308,0.1024958,5650,23.06157
292,62679,Humboldt,Arcata Elementary,664.3,674,654.6,20.14178,11.834,47.3054,966,47.96,20.9581,114,0.1180124,5318.241,0.621118
293,67595,San Bernardino,Alta Loma Elementary,664.4,663.4,665.4,23.55637,18.6202,15.9299,7710,327.3,4.4722,814,0.1055772,4709.054,3.255512
294,66837,Placer,Foresthill Union Elementary,664.45,663.1,665.8,21.46479,12.431,30.3732,762,35.5,10.8108,54,0.0708661,5143.19,0
295,61929,El Dorado,Mother Lode Union Elementary,664.7,665.5,663.9,19.19101,15.167,29.0398,1708,89,8.4895,206,0.1206089,5133.01,2.224824
296,66613,Orange,Ocean View Elementary,664.75,663.7,665.8,20.1308,20.87575,30.6437,9850,489.3,3.335,1113,0.1129949,5081.456,18.55838
297,62596,Glenn,Lake Elementary,664.95,667.6,662.3,25.8,10.639,50.3876,129,5,9.3023,10,0.0775194,4016.416,6.20155
298,69039,San Mateo,San Mateo-Foster City Elementary,664.95,665.9,664,18.77774,25.02962,28.3766,10619,565.51,2.5384,1150,0.1082964,5374.05,18.45748
299,69195,Santa Barbara,Goleta Union Elementary,665.1,666.8,663.4,19.10982,16.7578,31.0828,4521,236.58,3.7052,494,0.1092679,5427.549,32.07255
300,67736,San Bernardino,Helendale Elementary,665.2,656.2,674.2,19.70109,15.297,30.1724,580,29.44,11.8966,114,0.1965517,5179.645,3.965517
301,70854,Sonoma,Petaluma City Elementary,665.35,669.8,660.9,18.61594,17.36945,24.7471,2569,138,5.4864,326,0.1268976,5400,15.33671
302,69690,Santa Clara,Sunnyvale Elementary,665.65,663.9,667.4,20.99721,22.096,36.0007,6022,286.8,6.395,756,0.1255397,5726.146,27.66523
303,69179,Santa Barbara,College Elementary,665.9,670.3,661.5,20,22.842,13.8696,670,33.5,0.4161,47,0.0701493,5003.87,12.53731
304,68197,San Diego,La Mesa-Spring Valley,665.95,664.5,667.4,20.98325,18.31988,45.7234,14708,700.94,13.5301,1962,0.1333968,4969.511,12.68017
305,66530,Orange,Huntington Beach City Elementary,666,668,664,21.64262,25.03,15.0886,6601,305,1.1968,706,0.1069535,4747.296,6.908044
306,69336,Santa Barbara,Solvang Elementary,666.05,668.7,663.4,20.02967,21.957,31.8519,675,33.7,0,87,0.1288889,4543.305,14.96296
307,69849,Santa Cruz,Soquel Elementary,666.1,666.9,665.3,19.8114,18.79683,24.6035,2458,124.07,6.0187,193,0.0785191,5229.591,11.26933
308,62554,Glenn,Capay Joint Union Elementary,666.15,671.9,660.4,18,10.639,44.4444,144,8,4.1667,14,0.0972222,4507.353,9.722222
309,70714,Sonoma,Gravenstein Union Elementary,666.15,671,661.3,19.35811,17.508,15.2098,573,29.6,6.993,48,0.0837696,5302.628,3.315881
310,66381,Nevada,Pleasant Valley Elementary,666.45,668.8,664.1,20.17912,18.593,18.4941,721,35.73,1.8494,82,0.1137309,5545.61,0.6934813
311,63990,Kings,Pioneer Union Elementary,666.55,671.2,661.9,21.11986,11.116,22.8831,992,46.97,3.7298,160,0.1612903,4615.909,5.141129
312,68361,San Diego,Santee Elementary,666.6,663.7,669.5,23.38974,14.09767,22.9839,8432,360.5,6.3923,0,0,5397.689,4.969165
313,64113,Lassen,Johnstonville Elementary,666.65,672.1,661.2,22.18182,12.64,40.1639,244,11,15.5738,15,0.0614754,5118.373,6.967213
314,72553,Ventura,Pleasant Valley Elementary,666.65,667.5,665.8,19.94283,20.93643,13.2762,7116,356.82,2.599,785,0.1103148,5008.071,7.996065
315,72355,Tuolumne,Curtis Creek Elementary,666.7,662.1,671.3,17.78826,14.18,32.6087,830,46.66,10.4119,95,0.1144578,4906.03,0.4819277
316,70300,Siskiyou,Fort Jones Union Elementary,666.85,666.9,666.8,14.70588,11.826,53.5032,160,10.88,13.3758,38,0.2375,6870.346,2.5
317,70805,Sonoma,Mark West Union Elementary,666.85,671.3,662.4,19.04077,18.671,20.581,1588,83.4,6.7985,220,0.138539,5301.716,3.84131
318,67967,San Diego,Alpine Union Elementary,667.15,667.7,666.6,20.89195,17.332,16.0651,2272,108.75,4.0493,307,0.1351232,5182.366,1.320423
319,70938,Sonoma,Sebastopol Union Elementary,667.2,669.8,664.6,19.83851,17.508,19.8302,1425,71.83,5.0926,65,0.045614,4999.469,4.912281
320,62828,Humboldt,Freshwater Elementary,667.45,672.2,662.7,19.52191,15.572,13.0612,245,12.55,8.9796,30,0.122449,6732.066,0
321,63693,Kern,Norris Elementary,667.45,667,667.9,20.68622,15.56725,8.6731,1349,65.2125,2.0015,259,0.1919941,4612.99,0.222387
322,72132,Tulare,Springville Union Elementary,667.6,669.2,666,18.18182,15.752,29.8643,400,22,13.8009,65,0.1625,5478.846,0
323,69575,Santa Clara,Moreland Elementary,668,669.4,666.6,18.89224,20.47,23.642,4632,245.18,7.037,637,0.1375216,5666.714,17.85406
324,63610,Kern,Maple Elementary,668.1,660.5,675.7,24.88889,9.709,35.2679,224,9,5.3571,15,0.0669643,4742.514,4.464286
325,63941,Kings,Kings River-Hardwick Union Elementary,668.4,665.8,671,18.58064,11.116,28.125,576,31,3.9931,92,0.1597222,4907.393,9.548612
326,68163,San Diego,Julian Union Elementary,668.6,672.7,664.5,18.04,16.321,11.7517,451,25,8.6475,75,0.1662971,5700.402,3.991131
327,68007,San Diego,Cardiff Elementary,668.65,668.8,668.5,17.73399,21.967,24.3363,900,50.75,2.1018,145,0.1611111,5191.834,20.66667
328,72108,Tulare,Saucelito Elementary,668.8,668.5,669.1,21.45455,8.934,51.6667,118,5.5,8.3333,10,0.0847458,4451.257,7.627119
329,67975,San Diego,Bonsall Union Elementary,668.9,666.2,671.6,19.92343,19.997,42.964,1457,73.13,5.9823,0,0,5627.528,27.45367
330,66480,Orange,Cypress Elementary,668.95,665.5,672.4,20.33942,18.82723,19.3725,4734,232.75,2.6078,586,0.1237854,4922.94,10.85763
331,64766,Los Angeles,Lowell Joint Elementary,669.1,666.1,672.1,22.54608,18.11867,16.9543,3303,146.5,4.6624,379,0.1147442,4969.381,5.025734
332,64832,Los Angeles,Newhall Elementary,669.3,668.9,669.7,21.10344,23.66738,30.0851,6055,286.92,5.6134,540,0.0891825,4829.717,14.23617
333,65359,Marin,Lagunitas Elementary,669.3,680.9,657.7,18.19743,22.139,15.3302,424,23.3,3.5377,39,0.0919811,6716.693,0.2358491
334,69385,Santa Clara,Cambrian Elementary,669.35,673.3,665.4,20.10768,20.546,23.0989,2801,139.3,5.0339,615,0.2195644,5205.942,2.070689
335,71654,Tehama,Richfield Elementary,669.35,664.6,674.1,19.15984,9.485,44.6809,187,9.76,17.5532,37,0.197861,4357.826,8.556149
336,62794,Humboldt,Fieldbrook Elementary,669.8,670.1,669.5,19.54545,11.834,27.1318,129,6.6,13.9535,17,0.1317829,5195.919,0
337,68049,San Diego,Dehesa Elementary,669.85,673.2,666.5,20.88889,18.799,36.7021,188,9,6.383,41,0.2180851,6002.072,4.787234
338,69955,Shasta,Cottonwood Union Elementary,669.95,669.2,670.7,18.3915,10.551,46.1221,1212,65.9,22.1947,116,0.0957096,5090.588,3.960396
339,63479,Kern,Fruitvale Elementary,670,669.2,670.8,19.1799,15.519,19.53,2596,135.35,3.0046,249,0.0959168,5112.39,1.579353
340,69708,Santa Clara,Union Elementary,670.7,672.8,668.6,19.39771,21.63173,12.1748,4925,253.896,3.8211,753,0.1528934,5287.355,3.593909
341,66498,Orange,Fountain Valley Elementary,671.25,671.2,671.3,21.67827,21.09575,15.5128,6257,288.63,2.1635,930,0.1486335,4889.48,8.726227
342,61879,El Dorado,Gold Oak Union Elementary,671.3,674.6,668,19.28889,15.167,19.0092,868,45,4.7235,122,0.140553,5118.13,0
343,61838,El Dorado,Buckeye Union Elementary,671.6,674.9,668.3,20.34927,19.117,8.3443,3787,186.1,3.248,934,0.2466332,5119.123,0.2640613
344,75085,Placer,Rocklin Unified,671.6,671.4,671.8,20.96416,17.62,14.266,6423,306.38,2.9299,855,0.1331154,4792.211,1.447922
345,61887,El Dorado,Gold Trail Union Elementary,671.65,677.6,665.7,19.46039,15.167,15.9292,678,34.84,2.5074,47,0.0693215,5450.104,0.1474926
346,62885,Humboldt,Hydesville Elementary,671.7,679.8,663.6,19.28572,10.643,33.9181,162,8.4,16.9591,23,0.1419753,5210.725,0
347,64998,Los Angeles,Saugus Union Elementary,671.75,668.9,674.6,20.91979,20.73906,11.7013,8529,407.7,2.1925,834,0.097784,4715.446,3.705006
348,66845,Placer,Loomis Union Elementary,671.9,673.1,670.7,20.90021,21.566,21.0892,1862,89.09,2.8297,231,0.1240602,4632.068,0.2685285
349,66886,Placer,Placer Hills Union Elementary,671.9,679.6,664.2,20.59575,17.656,10.4142,1452,70.5,2.426,183,0.1260331,5028.562,0
350,70672,Sonoma,Dunham Elementary,671.95,672.3,671.6,19.375,17.709,12.2581,155,8,0.6452,32,0.2064516,5695.467,4.516129
351,69021,San Mateo,San Carlos Elementary,672.05,676.1,668,19.95122,27.816,2.0328,2536,127.11,2.0328,343,0.1352524,4504.295,2.444795
352,66399,Nevada,Ready Springs Union Elementary,672.05,673.9,670.2,18.84973,18.593,29.021,567,30.08,4.8951,103,0.1816579,5156.437,0
353,65219,Madera,Coarsegold Union Elementary,672.3,668.1,676.5,18.11787,14.263,33.9212,953,52.6,7.9876,135,0.1416579,5433.514,0
354,68726,San Luis Obispo,Cayucos Elementary,672.35,674.6,670.1,19.18341,22.758,25.9868,296,15.43,5.5921,42,0.1418919,5254.632,5.405406
355,64170,Lassen,Richmond Elementary,672.45,672.7,672.2,22,12.64,12.7451,198,9,2.451,24,0.1212121,4593.197,0
356,62109,Fresno,Clay Joint Elementary,672.55,669.4,675.7,21.58416,11.238,25.1121,218,10.1,2.2422,49,0.2247706,4320.679,6.422018
357,70995,Sonoma,Waugh Elementary,672.7,676.1,669.3,20.38889,16.956,12.8205,734,36,2.0243,117,0.1594005,4920.777,6.539509
358,70979,Sonoma,Two Rock Union Elementary,673.05,679.1,667,16.2931,17.709,32.1244,189,11.6,2.0725,50,0.2645503,6905.869,14.28572
359,68866,San Mateo,Belmont-Redwood Shores Elementary,673.25,675,671.5,18.27778,25.622,2.4456,2528,138.31,1.3421,482,0.1906646,5729.904,3.678797
360,61978,El Dorado,Rescue Union Elementary,673.3,676.1,670.5,19.37472,18.726,11.1818,2987,154.17,2.0422,290,0.0970874,4825.202,0.5021761
361,66779,Placer,Alta-Dutch Flat Union Elementary,673.55,680.5,666.6,18.90909,13.443,32.8638,208,11,9.3897,21,0.1009615,5388.17,0
362,68353,San Diego,San Pasqual Union Elementary,673.55,670.5,676.6,16.40693,15.18,22.1636,379,23.1,2.9024,29,0.0765171,5133.827,22.69129
363,61911,El Dorado,Latrobe Elementary,673.9,670.5,677.3,15.5914,19.117,0,145,9.3,6.2069,27,0.1862069,5346.156,0
364,66407,Nevada,Union Hill Elementary,674.25,676,672.5,18.70694,13.712,23.0548,706,37.74,2.5937,103,0.1458924,4789.309,0.1416431
365,70961,Sonoma,Twin Hills Union Elementary,675.4,681,669.8,18.32985,17.508,15.75,878,47.9,1.375,105,0.11959,5329.782,2.733485
366,62976,Humboldt,Pacific Union Elementary,675.7,683,668.4,17.90235,11.834,25.3782,594,33.18,12.2689,75,0.1262626,5371.173,1.683502
367,71696,Trinity,Douglas City Elementary,676.15,680.1,672.2,18.91157,13.273,66.9065,139,7.35,20.8633,40,0.2877698,5771.384,0
368,66373,Nevada,Pleasant Ridge Union Elementary,676.55,673.8,679.3,20.32497,16.356,14.037,2089,102.78,2.5185,318,0.1522259,4993.635,0.1436094
369,66852,Placer,Newcastle Elementary,676.6,673.3,679.9,20.02457,18.626,11.0429,326,16.28,4.2945,42,0.1288344,4854.038,0
370,72470,Ventura,Mesa Union Elementary,676.85,680.5,673.2,24,23.733,27.7132,516,21.5,0.969,50,0.0968992,4392.68,11.04651
371,71787,Trinity,Weaverville Elementary,676.95,672.8,681.1,17.60784,12.934,48.4848,449,25.5,12.7273,50,0.1113586,5884.432,0
372,70078,Shasta,North Cow Creek Elementary,677.25,679,675.5,19.34853,13.906,4.0404,297,15.35,2.3569,70,0.2356902,4273.993,0
373,66340,Nevada,Nevada City Elementary,677.95,678.5,677.4,19.67846,15.428,21.7803,1579,80.24,5.5556,165,0.1044965,5146.784,0.0633312
374,62893,Humboldt,Jacoby Creek Elementary,678.05,682.9,673.2,18.72861,15.381,10.1828,383,20.45,6.0052,49,0.1279373,5351.523,0
375,70698,Sonoma,Fort Ross Elementary,678.4,685.3,671.5,15.88235,22.529,0,81,5.1,3.6145,14,0.1728395,7667.572,0
376,68080,San Diego,Encinitas Union Elementary,678.8,679,678.6,20.05491,23.8061,19.0911,5259,262.23,2.3959,701,0.1332953,5281.709,15.0599
377,65318,Marin,Dixie Elementary,679.4,684.1,674.7,17.98825,24.603,3.7302,1960,108.96,1.9417,223,0.1137755,5368.503,1.479592
378,69492,Santa Clara,Lakeside Joint Elementary,679.5,676.8,682.2,16.96629,36.174,8.6093,151,8.9,2.649,31,0.205298,6429.257,2.649007
379,64600,Los Angeles,Hermosa Beach City Elementary,679.65,683.1,676.2,19.23937,33.455,6.5353,946,49.17,2.1784,310,0.3276955,5387.459,1.479915
380,70896,Sonoma,Rincon Valley Union Elementary,679.75,678.7,680.8,19.19586,20.48022,19.2308,2707,141.02,5.1396,300,0.1108238,5235.775,4.469893
381,66233,Monterey,Washington Union Elementary,679.8,680.2,679.4,19.59906,20.134,0,919,46.89,1.0493,141,0.1534276,4829.896,0.3264418
382,70623,Sonoma,Bennett Valley Union Elementary,680.05,685.7,674.4,20.54348,19.3465,10.6515,945,46,4.2399,216,0.2285714,5088.708,2.539683
383,69500,Santa Clara,Loma Prieta Joint Union Elemen,680.45,684.2,676.7,18.58848,36.174,0.6775,738,39.702,0,220,0.298103,5390.118,0.5420054
384,70789,Sonoma,Kenwood Elementary,681.3,682.8,679.8,15.60419,22.86333,12.9412,164,10.51,2.3529,35,0.2134146,6588.431,11.58537
385,70797,Sonoma,Liberty Elementary,681.3,680.8,681.8,15.29304,17.709,11.4583,167,10.92,0.5208,29,0.1736527,6196.695,11.37724
386,71142,Stanislaus,Knights Ferry Elementary,681.6,688.5,674.7,17.65537,14.177,14.4,125,7.08,4,25,0.2,4645.413,0
387,65334,Marin,Kentfield Elementary,681.9,689.8,674,17.57976,41.093,0.5367,1091,62.06,0.5367,113,0.1035747,6489.929,1.374885
388,69104,Santa Barbara,Ballard Elementary,682.15,681.8,682.5,22.33333,21.957,3.7313,134,6,0.7463,27,0.2014925,5094.959,2.238806
389,70839,Sonoma,Oak Grove Union Elementary,682.45,680,684.9,18.75,16.064,29.3185,600,32,2.6941,55,0.0916667,4841.958,5.333333
390,75002,Marin,Ross Valley Elementary,682.55,685.6,679.5,18.10241,25.737,3.622,1803,99.6,1.9242,283,0.1569606,6315.313,2.773156
391,69773,Santa Cruz,Mountain Elementary,682.65,687.3,678,20.25641,20.474,16.25,158,7.8,13.75,15,0.0949367,5399.383,0
392,68882,San Mateo,Burlingame Elementary,683.35,682.4,684.3,18.80207,35.81,6.2709,2392,127.22,1.4214,439,0.1835284,5429.474,17.72575
393,70003,Shasta,Grant Elementary,683.4,684.5,682.3,18.7723,13.567,11.4068,526,28.02,3.9924,33,0.0627376,5644.286,0
394,69757,Santa Cruz,Happy Valley Elementary,684.3,680.4,688.2,20.40521,20.089,9.3525,141,6.91,10.0719,44,0.3120568,6060.257,0
395,69732,Santa Cruz,Bonny Doon Union Elementary,684.35,688.5,680.2,18.65079,18.283,5.9322,235,12.6,4.661,30,0.1276596,5319.554,0.4255319
396,61812,Contra Costa,Walnut Creek Elementary,684.8,682.2,687.4,20.70707,25.23972,7.8593,3280,158.4,2.7523,406,0.1237805,4819.904,6.067073
397,69211,Santa Barbara,Hope Elementary,684.95,686.2,683.7,22,25.063,12.5,1254,57,1.5823,0,0,5208.226,10.12759
398,65367,Marin,Larkspur Elementary,686.05,692.2,679.9,17.69978,30.6285,1.8987,948,53.56,1.7932,155,0.1635021,5859.965,3.375527
399,69419,Santa Clara,Cupertino Union Elementary,686.7,683.1,690.3,21.48329,27.47522,4.6909,15228,708.83,1.7154,2232,0.1465721,4962.737,8.648542
400,69781,Santa Cruz,Pacific Elementary,687.55,693.8,681.3,16.70103,30.84,20.4819,81,4.85,13.253,21,0.2592593,7614.379,12.34568
401,69526,Santa Clara,Los Gatos Union Elementary,689.1,691.6,686.6,19.57567,34.1595,2.7921,2768,141.4,0.4481,540,0.1950867,5566.468,1.589595
402,69252,Santa Barbara,Montecito Union Elementary,691.05,693.5,688.6,17.25806,43.23,0.72,535,31,0.08,84,0.1570093,7039.949,1.495327
403,68387,San Diego,Solana Beach Elementary,691.35,687.7,695,17.37526,27.94775,9.6774,2542,146.3,0.8261,404,0.15893,6604.064,10.38552
404,68965,San Mateo,Menlo Park City Elementary,691.9,693.7,690.1,17.34931,49.939,3.9175,1940,111.82,0.4124,265,0.1365979,6180.149,6.13402
405,65425,Marin,Reed Union Elementary,693.95,695.9,692,16.26229,55.328,1.4164,1059,65.12,0.8499,272,0.2568461,6460.657,2.266289
406,65391,Marin,Mill Valley Elementary,694.25,693.6,694.9,17.70045,35.481,2.4359,2340,132.2,1.5812,403,0.1722222,6415.355,2.478632
407,61713,Contra Costa,Lafayette Elementary,694.8,697.9,691.7,20.12881,34.301,0.1734,3469,172.34,0,496,0.1429807,5230.877,0.8936293
408,68056,San Diego,Del Mar Union Elementary,695.2,695.1,695.3,18.26539,38.62857,2.6116,2106,115.3,1.7094,300,0.1424501,5838.172,2.421652
409,69088,San Mateo,Woodside Elementary,695.3,701.3,689.3,14.54214,35.342,0,478,32.87,0,112,0.2343096,7711.507,3.76569
410,61747,Contra Costa,Moraga Elementary,696.55,697.4,695.7,19.15261,31.052,0.3033,1885,98.42,0.0506,241,0.1278515,5592.765,1.962865
411,61770,Contra Costa,Orinda Union Elementary,698.2,699.1,697.3,17.36574,40.264,0.1239,2422,139.47,0,466,0.192403,5933.154,0.5780346
412,68908,San Mateo,Hillsborough City Elementary,698.25,695.4,701.1,15.13898,35.81,0,1318,87.06,0.1517,412,0.3125948,7593.406,2.807284
413,69161,Santa Barbara,Cold Spring Elementary,698.45,693.3,703.6,17.84266,43.23,0,220,12.33,0.4545,22,0.1,6500.45,1.363636
414,68981,San Mateo,Portola Valley Elementary,699.1,698.3,699.9,15.40704,50.677,0,687,44.59,0.3049,209,0.3042212,7217.263,1.164483
415,69682,Santa Clara,Saratoga Union Elementary,700.3,698.9,701.7,18.86534,40.402,0.598,2341,124.09,0.1709,286,0.12217,5392.639,2.050406
416,68957,San Mateo,Las Lomitas Elementary,704.3,700.9,707.7,16.47413,28.717,3.5569,984,59.73,0.1016,195,0.1981707,7290.339,5.995935
417,69518,Santa Clara,Los Altos Elementary,706.75,704,709.5,17.86263,41.73411,1.5038,3724,208.48,1.0741,721,0.193609,5741.463,4.726101
418,72611,Ventura,Somis Union Elementary,645,648.3,641.7,21.88586,23.733,37.1938,441,20.15,3.5635,45,0.1020408,4402.832,24.26304
419,72744,Yuba,Plumas Elementary,672.2,667.9,676.5,20.2,9.952,59.4059,101,5,11.8812,14,0.1386139,4776.336,2.970297
420,72751,Yuba,Wheatland Elementary,655.75,660.5,651,19.0364,12.502,47.5712,1778,93.4,6.9235,313,0.1760405,5993.393,5.005624
